<?xml version="1.0" encoding="UTF-8"?>
<project-private xmlns="http://www.netbeans.org/ns/project-private/1">
    <editor-bookmarks xmlns="http://www.netbeans.org/ns/editor-bookmarks/2" lastBookmarkId="0"/>
    <open-files xmlns="http://www.netbeans.org/ns/projectui-open-files/2">
        <group>
            <file>file:/C:/Users/alami/OneDrive/Documents/NetBeansProjects/LabReportQuestions/src/lab_report/Car.java</file>
            <file>file:/C:/Users/alami/OneDrive/Documents/NetBeansProjects/LabReportQuestions/src/lab_report/Shape.java</file>
            <file>file:/C:/Users/alami/OneDrive/Documents/NetBeansProjects/LabReportQuestions/src/lab_report/MainShape.java</file>
            <file>file:/C:/Users/alami/OneDrive/Documents/NetBeansProjects/LabReportQuestions/src/lab_report/Bus.java</file>
            <file>file:/C:/Users/alami/OneDrive/Documents/NetBeansProjects/LabReportQuestions/src/lab_report/Rectangle.java</file>
            <file>file:/C:/Users/alami/OneDrive/Documents/NetBeansProjects/LabReportQuestions/src/lab_report/Vehicle.java</file>
            <file>file:/C:/Users/alami/OneDrive/Documents/NetBeansProjects/LabReportQuestions/src/lab_report/Object.java</file>
            <file>file:/C:/Users/alami/OneDrive/Documents/NetBeansProjects/LabReportQuestions/src/task4/SimpleInterest.java</file>
            <file>file:/C:/Users/alami/OneDrive/Documents/NetBeansProjects/LabReportQuestions/src/lab_report/Triangle.java</file>
        </group>
    </open-files>
</project-private>
