<?xml version="1.0" encoding="UTF-8"?>
<project-private xmlns="http://www.netbeans.org/ns/project-private/1">
    <editor-bookmarks xmlns="http://www.netbeans.org/ns/editor-bookmarks/2" lastBookmarkId="0"/>
    <open-files xmlns="http://www.netbeans.org/ns/projectui-open-files/2">
        <group>
            <file>file:/C:/Users/alami/OneDrive/Documents/NetBeansProjects/Lab_0/src/lab_0/Problem4.java</file>
            <file>file:/C:/Users/alami/OneDrive/Documents/NetBeansProjects/Lab_0/src/lab_0/Problem2.java</file>
            <file>file:/C:/Users/alami/OneDrive/Documents/NetBeansProjects/Lab_0/src/lab_0/Lab_0.java</file>
            <file>file:/C:/Users/alami/OneDrive/Documents/NetBeansProjects/Lab_0/src/lab_0/Problem3.java</file>
            <file>file:/C:/Users/alami/OneDrive/Documents/NetBeansProjects/Lab_0/src/lab_0/Problem6.java</file>
            <file>file:/C:/Users/alami/OneDrive/Documents/NetBeansProjects/Lab_0/src/lab_0/Problem5.java</file>
        </group>
    </open-files>
</project-private>
