<?xml version="1.0" encoding="UTF-8"?>
<project-private xmlns="http://www.netbeans.org/ns/project-private/1">
    <editor-bookmarks xmlns="http://www.netbeans.org/ns/editor-bookmarks/2" lastBookmarkId="0"/>
    <open-files xmlns="http://www.netbeans.org/ns/projectui-open-files/2">
        <group>
            <file>file:/C:/Users/alami/OneDrive/Documents/NetBeansProjects/CSE-384-Java-Lab/Payroll/src/payroll/SalariedEmployee.java</file>
            <file>file:/C:/Users/alami/OneDrive/Documents/NetBeansProjects/CSE-384-Java-Lab/Payroll/src/payroll/HourlyEmployee.java</file>
            <file>file:/C:/Users/alami/OneDrive/Documents/NetBeansProjects/CSE-384-Java-Lab/Payroll/src/payroll/PayrollSystemTest.java</file>
            <file>file:/C:/Users/alami/OneDrive/Documents/NetBeansProjects/CSE-384-Java-Lab/Payroll/src/payroll/Employee.java</file>
        </group>
    </open-files>
</project-private>
