<?xml version="1.0" encoding="UTF-8"?>
<project-private xmlns="http://www.netbeans.org/ns/project-private/1">
    <editor-bookmarks xmlns="http://www.netbeans.org/ns/editor-bookmarks/2" lastBookmarkId="0"/>
    <open-files xmlns="http://www.netbeans.org/ns/projectui-open-files/2">
        <group>
            <file>file:/C:/Users/alami/OneDrive/Documents/NetBeansProjects/Lab_4/src/lab4/Exercise1.java</file>
            <file>file:/C:/Users/alami/OneDrive/Documents/NetBeansProjects/Lab_4/src/lab4/Exercise3.java</file>
            <file>file:/C:/Users/alami/OneDrive/Documents/NetBeansProjects/Lab_4/src/lab4/Exercise4.java</file>
            <file>file:/C:/Users/alami/OneDrive/Documents/NetBeansProjects/Lab_4/src/lab4/Exercise5.java</file>
            <file>file:/C:/Users/alami/OneDrive/Documents/NetBeansProjects/Lab_4/src/lab4/Exercise2.java</file>
        </group>
    </open-files>
</project-private>
