<?xml version="1.0" encoding="UTF-8"?>
<project-private xmlns="http://www.netbeans.org/ns/project-private/1">
    <editor-bookmarks xmlns="http://www.netbeans.org/ns/editor-bookmarks/2" lastBookmarkId="0"/>
    <open-files xmlns="http://www.netbeans.org/ns/projectui-open-files/2">
        <group>
            <file>file:/C:/Users/alami/OneDrive/Documents/NetBeansProjects/CSE-384-Java-Lab/Lab_2/src/lab_2/GreatestCommonDivisor3.java</file>
            <file>file:/C:/Users/alami/OneDrive/Documents/NetBeansProjects/CSE-384-Java-Lab/Lab_2/src/lab_2/MonteCarloSimulation.java</file>
            <file>file:/C:/Users/alami/OneDrive/Documents/NetBeansProjects/CSE-384-Java-Lab/Lab_2/src/lab_2/GreatestCommonDivisor.java</file>
            <file>file:/C:/Users/alami/OneDrive/Documents/NetBeansProjects/CSE-384-Java-Lab/Lab_2/src/lab_2/Grade2.java</file>
            <file>file:/C:/Users/alami/OneDrive/Documents/NetBeansProjects/CSE-384-Java-Lab/Lab_2/src/lab_2/Grade1.java</file>
        </group>
    </open-files>
</project-private>
