<?xml version="1.0" encoding="UTF-8"?>
<project-private xmlns="http://www.netbeans.org/ns/project-private/1">
    <editor-bookmarks xmlns="http://www.netbeans.org/ns/editor-bookmarks/2" lastBookmarkId="0"/>
    <open-files xmlns="http://www.netbeans.org/ns/projectui-open-files/2">
        <group>
            <file>file:/C:/Users/alami/OneDrive/Documents/NetBeansProjects/TowUMLDiagram/src/one/AnimalClass.java</file>
            <file>file:/C:/Users/alami/OneDrive/Documents/NetBeansProjects/TowUMLDiagram/src/two/Circle.java</file>
            <file>file:/C:/Users/alami/OneDrive/Documents/NetBeansProjects/TowUMLDiagram/src/two/Rectangle.java</file>
            <file>file:/C:/Users/alami/OneDrive/Documents/NetBeansProjects/TowUMLDiagram/src/two/ShapeClass.java</file>
            <file>file:/C:/Users/alami/OneDrive/Documents/NetBeansProjects/TowUMLDiagram/src/two/Shape.java</file>
            <file>file:/C:/Users/alami/OneDrive/Documents/NetBeansProjects/TowUMLDiagram/src/one/Duck.java</file>
            <file>file:/C:/Users/alami/OneDrive/Documents/NetBeansProjects/TowUMLDiagram/src/one/Animal.java</file>
        </group>
    </open-files>
</project-private>
