<?xml version="1.0" encoding="UTF-8"?>
<project-private xmlns="http://www.netbeans.org/ns/project-private/1">
    <editor-bookmarks xmlns="http://www.netbeans.org/ns/editor-bookmarks/2" lastBookmarkId="0"/>
    <open-files xmlns="http://www.netbeans.org/ns/projectui-open-files/2">
        <group>
            <file>file:/C:/Users/alami/OneDrive/Documents/NetBeansProjects/CSE-384-Java-Lab/UMLDiagram/src/uml_diagram/Customer.java</file>
            <file>file:/C:/Users/alami/OneDrive/Documents/NetBeansProjects/CSE-384-Java-Lab/UMLDiagram/src/order/ShippingInfo.java</file>
            <file>file:/C:/Users/alami/OneDrive/Documents/NetBeansProjects/CSE-384-Java-Lab/UMLDiagram/src/order/ShoppingCart.java</file>
            <file>file:/C:/Users/alami/OneDrive/Documents/NetBeansProjects/CSE-384-Java-Lab/UMLDiagram/src/order/OrderDetails.java</file>
            <file>file:/C:/Users/alami/OneDrive/Documents/NetBeansProjects/CSE-384-Java-Lab/UMLDiagram/src/order/Orders.java</file>
            <file>file:/C:/Users/alami/OneDrive/Documents/NetBeansProjects/CSE-384-Java-Lab/UMLDiagram/src/app/Main.java</file>
        </group>
    </open-files>
</project-private>
